sss,2133,ian,123,10/15/2025,10/29/2025,10/15/2025,Returned
sss,2133,ian,1233,10/15/2025,10/29/2025,10/15/2025,Returned
sss,2133,ian,123,10/15/2025,10/29/2025,10/15/2025,Returned
sss,2133,ian,1233,10/15/2025,10/29/2025,10/15/2025,Returned
sss,2133,ian,1233,10/15/2025,10/29/2025,10/15/2025,Returned
sss,2133,ian,1233,10/15/2025,10/29/2025,10/15/2025,Returned
ggg,56243,lin,2334,10/15/2025,10/27/2025,10/15/2025,Returned
ggg,56243,lin,2334,10/15/2025,10/29/2025,10/15/2025,Returned
sss,2133,ian,1233,10/15/2025,10/29/2025,10/15/2025,Returned
sss,2133,ian,1233,10/15/2025,10/29/2025,10/15/2025,Returned
sss,2133,ian,1233,10/15/2025,10/29/2025,10/15/2025,Returned
sss,2133,ian,1233,10/15/2025,10/29/2025,10/15/2025,Returned
ggg,56243,ian,1233,10/15/2025,10/29/2025,10/15/2025,Returned
ggg,56243,ian,1233,10/15/2025,10/29/2025,10/15/2025,Returned
ggg,56243,ian,1233,10/15/2025,10/29/2025,10/15/2025,Returned
ggg,56243,ian,1233,10/15/2025,10/29/2025,10/15/2025,Returned
ggg,56243,ian,1233,10/15/2025,10/29/2025,10/15/2025,Returned
ggg,56243,ian,1233,10/15/2025,10/29/2025,10/15/2025,Returned
ggg,56243,ian,1233,10/15/2025,10/29/2025,10/15/2025,Returned
ggg,56243,ian,1233,10/15/2025,10/29/2025,10/15/2025,Returned
ggg,56243,ian,1233,10/15/2025,10/29/2025,10/15/2025,Returned
ggg,56243,ian,1233,10/15/2025,10/29/2025,10/15/2025,Returned
ggg,56243,ian,1233,10/15/2025,10/29/2025,10/15/2025,Returned
ggg,56243,ian,1233,10/15/2025,10/29/2025,10/15/2025,Returned
ggg,56243,ian,1233,10/15/2025,10/29/2025,10/15/2025,Returned
a,1234,me,1111,10/15/2025,10/27/2025,10/15/2025,Returned
sss,2133,ian,1233,10/15/2025,10/29/2025,10/15/2025,Returned
sss,2133,ian,1233,10/15/2025,10/29/2025,10/15/2025,Returned
sss,2133,ian,1233,10/15/2025,10/29/2025,10/15/2025,Returned
Book of Life,2523156,leyn,4562,10/16/2025,10/26/2025,10/16/2025,Returned
Book of Life,2523156,liam,2546,10/16/2025,10/30/2025,10/16/2025,Returned
Book of Life,2523156,mell,8989,10/16/2025,10/30/2025,10/16/2025,Returned
Book of Life,2523156,ian,0000,10/16/2025,10/30/2025,10/16/2025,Returned
Book of Life,1289529301,mell,8989,10/16/2025,10/30/2025,10/16/2025,Returned
Book of Life,1289529301,ian,1235,10/16/2025,10/30/2025,-,Active
